268900,1,1153,1,ORD,1899-12-31 15:16:00.000,1899-12-31 16:29:30.000,DD,62,Sorrento,1,Napoli Porta Nolana,NAPOLI PORTA NOLANA - SORRENTO,-2031359071
268901,1,1159,1,ORD,1899-12-31 15:52:00.000,1899-12-31 17:05:30.000,DD,62,Sorrento,1,Napoli Porta Nolana,NAPOLI PORTA NOLANA - SORRENTO,-2031359071
268902,1,1165,1,ORD,1899-12-31 16:28:00.000,1899-12-31 17:41:30.000,DD,62,Sorrento,1,Napoli Porta Nolana,NAPOLI PORTA NOLANA - SORRENTO,-922608816
268903,1,1171,1,ORD,1899-12-31 17:04:00.000,1899-12-31 18:17:30.000,DD,62,Sorrento,1,Napoli Porta Nolana,NAPOLI PORTA NOLANA - SORRENTO,-922608816
268904,1,1183,1,ORD,1899-12-31 18:16:00.000,1899-12-31 19:29:30.000,DD,62,Sorrento,1,Napoli Porta Nolana,NAPOLI PORTA NOLANA - SORRENTO,-922608816
268905,1,1189,1,ORD,1899-12-31 18:52:00.000,1899-12-31 20:05:30.000,DD,62,Sorrento,1,Napoli Porta Nolana,NAPOLI PORTA NOLANA - SORRENTO,-922608816
268906,1,1195,1,ORD,1899-12-31 19:28:00.000,1899-12-31 20:41:30.000,DD,62,Sorrento,1,Napoli Porta Nolana,NAPOLI PORTA NOLANA - SORRENTO,-1058568744
268907,1,1201,1,ORD,1899-12-31 20:04:00.000,1899-12-31 21:17:30.000,DD,62,Sorrento,1,Napoli Porta Nolana,NAPOLI PORTA NOLANA - SORRENTO,-1058568744
268908,1,1207,1,ORD,1899-12-31 20:40:00.000,1899-12-31 21:53:30.000,DD,62,Sorrento,1,Napoli Porta Nolana,NAPOLI PORTA NOLANA - SORRENTO,-1058568744
268909,1,1213,1,ORD,1899-12-31 21:16:00.000,1899-12-31 22:29:30.000,DD,62,Sorrento,1,Napoli Porta Nolana,NAPOLI PORTA NOLANA - SORRENTO,-1058568744
268910,1,1219,1,ORD,1899-12-31 21:52:00.000,1899-12-31 23:05:30.000,DD,62,Sorrento,1,Napoli Porta Nolana,NAPOLI PORTA NOLANA - SORRENTO,-1058568744
268911,1,1063,1,ORD,1899-12-31 06:18:00.000,1899-12-31 07:29:30.000,DD,62,Sorrento,1,Napoli Porta Nolana,NAPOLI PORTA NOLANA - SORRENTO,-382156356
268912,1,1069,1,ORD,1899-12-31 06:54:00.000,1899-12-31 08:05:30.000,DD,62,Sorrento,1,Napoli Porta Nolana,NAPOLI PORTA NOLANA - SORRENTO,-382156356
268913,1,1081,1,ORD,1899-12-31 08:06:00.000,1899-12-31 09:17:30.000,DD,62,Sorrento,1,Napoli Porta Nolana,NAPOLI PORTA NOLANA - SORRENTO,-382156356
268914,1,1087,1,ORD,1899-12-31 08:42:00.000,1899-12-31 09:53:30.000,DD,62,Sorrento,1,Napoli Porta Nolana,NAPOLI PORTA NOLANA - SORRENTO,-382156356
268915,1,1099,1,ORD,1899-12-31 09:54:00.000,1899-12-31 11:05:30.000,DD,62,Sorrento,1,Napoli Porta Nolana,NAPOLI PORTA NOLANA - SORRENTO,-382156356
268916,1,1105,1,ORD,1899-12-31 10:30:00.000,1899-12-31 11:41:30.000,DD,62,Sorrento,1,Napoli Porta Nolana,NAPOLI PORTA NOLANA - SORRENTO,-382156356
268917,1,1111,1,ORD,1899-12-31 11:06:00.000,1899-12-31 12:17:30.000,DD,62,Sorrento,1,Napoli Porta Nolana,NAPOLI PORTA NOLANA - SORRENTO,-382156356
268918,1,1117,1,ORD,1899-12-31 11:42:00.000,1899-12-31 12:53:30.000,DD,62,Sorrento,1,Napoli Porta Nolana,NAPOLI PORTA NOLANA - SORRENTO,-382156356
268919,1,1123,1,ORD,1899-12-31 12:18:00.000,1899-12-31 13:29:30.000,DD,62,Sorrento,1,Napoli Porta Nolana,NAPOLI PORTA NOLANA - SORRENTO,-382156356
268920,1,1129,1,ORD,1899-12-31 12:54:00.000,1899-12-31 14:05:30.000,DD,62,Sorrento,1,Napoli Porta Nolana,NAPOLI PORTA NOLANA - SORRENTO,-382156356
268921,1,1135,1,ORD,1899-12-31 13:30:00.000,1899-12-31 14:41:30.000,DD,62,Sorrento,1,Napoli Porta Nolana,NAPOLI PORTA NOLANA - SORRENTO,-382156356
268922,1,1141,1,ORD,1899-12-31 14:06:00.000,1899-12-31 15:17:30.000,DD,62,Sorrento,1,Napoli Porta Nolana,NAPOLI PORTA NOLANA - SORRENTO,-382156356
268923,1,1147,1,ORD,1899-12-31 14:42:00.000,1899-12-31 15:53:30.000,DD,62,Sorrento,1,Napoli Porta Nolana,NAPOLI PORTA NOLANA - SORRENTO,-382156356
268924,1,1153,1,ORD,1899-12-31 15:18:00.000,1899-12-31 16:29:30.000,DD,62,Sorrento,1,Napoli Porta Nolana,NAPOLI PORTA NOLANA - SORRENTO,-382156356
268925,1,1159,1,ORD,1899-12-31 15:54:00.000,1899-12-31 17:05:30.000,DD,62,Sorrento,1,Napoli Porta Nolana,NAPOLI PORTA NOLANA - SORRENTO,-382156356
268926,1,1165,1,ORD,1899-12-31 16:30:00.000,1899-12-31 17:41:30.000,DD,62,Sorrento,1,Napoli Porta Nolana,NAPOLI PORTA NOLANA - SORRENTO,-382156356
268927,1,1171,1,ORD,1899-12-31 17:06:00.000,1899-12-31 18:17:30.000,DD,62,Sorrento,1,Napoli Porta Nolana,NAPOLI PORTA NOLANA - SORRENTO,-382156356
268928,1,1183,1,ORD,1899-12-31 18:18:00.000,1899-12-31 19:29:30.000,DD,62,Sorrento,1,Napoli Porta Nolana,NAPOLI PORTA NOLANA - SORRENTO,-382156356
268929,1,1189,1,ORD,1899-12-31 18:54:00.000,1899-12-31 20:05:30.000,DD,62,Sorrento,1,Napoli Porta Nolana,NAPOLI PORTA NOLANA - SORRENTO,-382156356
268930,1,1195,1,ORD,1899-12-31 19:30:00.000,1899-12-31 20:41:30.000,DD,62,Sorrento,1,Napoli Porta Nolana,NAPOLI PORTA NOLANA - SORRENTO,-382156356
268931,1,1201,1,ORD,1899-12-31 20:06:00.000,1899-12-31 21:17:30.000,DD,62,Sorrento,1,Napoli Porta Nolana,NAPOLI PORTA NOLANA - SORRENTO,-382156356
269459,1,11741,1,ORD,1899-12-31 17:41:00.000,1899-12-31 18:53:00.000,DD,62,Sorrento,1,Napoli Porta Nolana,NAPOLI PORTA NOLANA - SORRENTO,2017515765
269460,1,11739,1,ORD,1899-12-31 17:40:00.000,1899-12-31 18:53:30.000,DD,62,Sorrento,1,Napoli Porta Nolana,NAPOLI PORTA NOLANA - SORRENTO,-922608816
269461,1,10917,1,ORD,1899-12-31 09:18:00.000,1899-12-31 10:29:30.000,DD,62,Sorrento,1,Napoli Porta Nolana,NAPOLI PORTA NOLANA - SORRENTO,-382156356
269464,1,11018,1,ORD,1899-12-31 10:20:00.000,1899-12-31 11:37:00.000,FAC EX,1,Napoli Porta Nolana,62,Sorrento,SORRENTO - NAPOLI PORTA NOLANA,2017515765
269465,1,11318,1,ORD,1899-12-31 13:20:00.000,1899-12-31 14:37:00.000,FAC EX,1,Napoli Porta Nolana,62,Sorrento,SORRENTO - NAPOLI PORTA NOLANA,2017515765
269466,1,11618,1,ORD,1899-12-31 16:20:00.000,1899-12-31 17:37:00.000,FAC EX,1,Napoli Porta Nolana,62,Sorrento,SORRENTO - NAPOLI PORTA NOLANA,2017515765
269467,1,11918,1,ORD,1899-12-31 19:20:00.000,1899-12-31 20:37:00.000,FAC EX,1,Napoli Porta Nolana,62,Sorrento,SORRENTO - NAPOLI PORTA NOLANA,2017515765
269468,1,11018,1,ORD,1899-12-31 10:20:00.000,1899-12-31 11:37:00.000,FAC EX,1,Napoli Porta Nolana,62,Sorrento,SORRENTO - NAPOLI PORTA NOLANA,-922608816
269469,1,11318,1,ORD,1899-12-31 13:20:00.000,1899-12-31 14:37:00.000,FAC EX,1,Napoli Porta Nolana,62,Sorrento,SORRENTO - NAPOLI PORTA NOLANA,-2031359071
269470,1,11618,1,ORD,1899-12-31 16:20:00.000,1899-12-31 17:37:00.000,FAC EX,1,Napoli Porta Nolana,62,Sorrento,SORRENTO - NAPOLI PORTA NOLANA,-2031359071
269471,1,11918,1,ORD,1899-12-31 19:20:00.000,1899-12-31 20:37:00.000,FAC EX,1,Napoli Porta Nolana,62,Sorrento,SORRENTO - NAPOLI PORTA NOLANA,-1058568744
269472,1,11018,1,ORD,1899-12-31 10:20:00.000,1899-12-31 11:37:00.000,FAC EX,1,Napoli Porta Nolana,62,Sorrento,SORRENTO - NAPOLI PORTA NOLANA,-382156356
269473,1,11318,1,ORD,1899-12-31 13:20:00.000,1899-12-31 14:37:00.000,FAC EX,1,Napoli Porta Nolana,62,Sorrento,SORRENTO - NAPOLI PORTA NOLANA,-382156356
269474,1,11618,1,ORD,1899-12-31 16:20:00.000,1899-12-31 17:37:00.000,FAC EX,1,Napoli Porta Nolana,62,Sorrento,SORRENTO - NAPOLI PORTA NOLANA,-382156356
269475,1,11918,1,ORD,1899-12-31 19:20:00.000,1899-12-31 20:37:00.000,FAC EX,1,Napoli Porta Nolana,62,Sorrento,SORRENTO - NAPOLI PORTA NOLANA,-382156356
269476,1,11024,1,ORD,1899-12-31 10:24:00.000,1899-12-31 11:35:00.000,FAC EX,1,Napoli Porta Nolana,62,Sorrento,SORRENTO - NAPOLI PORTA NOLANA,-782435300
269477,1,11312,1,ORD,1899-12-31 13:12:00.000,1899-12-31 14:23:00.000,FAC EX,1,Napoli Porta Nolana,62,Sorrento,SORRENTO - NAPOLI PORTA NOLANA,-2058353783
269478,1,11712,1,ORD,1899-12-31 17:12:00.000,1899-12-31 18:23:00.000,FAC EX,1,Napoli Porta Nolana,62,Sorrento,SORRENTO - NAPOLI PORTA NOLANA,-782435300
269479,1,11936,1,ORD,1899-12-31 19:36:00.000,1899-12-31 20:47:00.000,FAC EX,1,Napoli Porta Nolana,62,Sorrento,SORRENTO - NAPOLI PORTA NOLANA,-782435300
270028,1,10651,1,ORD,1899-12-31 06:52:00.000,1899-12-31 08:05:30.000,DD,62,Sorrento,1,Napoli Porta Nolana,NAPOLI PORTA NOLANA - SORRENTO,2071110629
270029,1,10727,1,ORD,1899-12-31 07:28:00.000,1899-12-31 08:41:30.000,DD,62,Sorrento,1,Napoli Porta Nolana,NAPOLI PORTA NOLANA - SORRENTO,2071110629
270030,1,10653,1,ORD,1899-12-31 06:53:00.000,1899-12-31 08:05:00.000,DD,62,Sorrento,1,Napoli Porta Nolana,NAPOLI PORTA NOLANA - SORRENTO,2017515765
270031,1,10729,1,ORD,1899-12-31 07:29:00.000,1899-12-31 08:41:00.000,DD,62,Sorrento,1,Napoli Porta Nolana,NAPOLI PORTA NOLANA - SORRENTO,2017515765
270077,1,1069,1,STR,1899-12-31 06:52:00.000,1899-12-31 08:05:30.000,DD,62,Sorrento,1,Napoli Porta Nolana,NAPOLI PORTA NOLANA - SORRENTO,760433202
270078,1,10727,1,STR,1899-12-31 07:28:00.000,1899-12-31 08:41:30.000,DD,62,Sorrento,1,Napoli Porta Nolana,NAPOLI PORTA NOLANA - SORRENTO,760433202
270080,1,1069,1,ORD,1899-12-31 06:52:00.000,1899-12-31 08:05:30.000,DD,62,Sorrento,1,Napoli Porta Nolana,NAPOLI PORTA NOLANA - SORRENTO,726931489
270081,1,10727,1,ORD,1899-12-31 07:28:00.000,1899-12-31 08:41:30.000,DD,62,Sorrento,1,Napoli Porta Nolana,NAPOLI PORTA NOLANA - SORRENTO,1530481513
270082,1,10727,1,ORD,1899-12-31 07:28:00.000,1899-12-31 08:41:30.000,DD,62,Sorrento,1,Napoli Porta Nolana,NAPOLI PORTA NOLANA - SORRENTO,-200120116
270083,1,10729,1,ORD,1899-12-31 07:30:00.000,1899-12-31 08:41:30.000,DD,62,Sorrento,1,Napoli Porta Nolana,NAPOLI PORTA NOLANA - SORRENTO,-382156356
270084,1,11741,1,ORD,1899-12-31 17:42:00.000,1899-12-31 18:53:30.000,DD,62,Sorrento,1,Napoli Porta Nolana,NAPOLI PORTA NOLANA - SORRENTO,-382156356
270090,1,10821,1,ORD,1899-12-31 08:22:00.000,1899-12-31 09:35:30.000,FAC EX,62,Sorrento,1,Napoli Porta Nolana,NAPOLI PORTA NOLANA - SORRENTO,2017515765
270091,1,11121,1,ORD,1899-12-31 11:22:00.000,1899-12-31 12:35:30.000,FAC EX,62,Sorrento,1,Napoli Porta Nolana,NAPOLI PORTA NOLANA - SORRENTO,2017515765
270092,1,11421,1,ORD,1899-12-31 14:22:00.000,1899-12-31 15:35:30.000,FAC EX,62,Sorrento,1,Napoli Porta Nolana,NAPOLI PORTA NOLANA - SORRENTO,2017515765
270093,1,11721,1,ORD,1899-12-31 17:22:00.000,1899-12-31 18:35:30.000,FAC EX,62,Sorrento,1,Napoli Porta Nolana,NAPOLI PORTA NOLANA - SORRENTO,2017515765
270094,1,10821,1,ORD,1899-12-31 08:22:00.000,1899-12-31 09:35:30.000,FAC EX,62,Sorrento,1,Napoli Porta Nolana,NAPOLI PORTA NOLANA - SORRENTO,-922608816
270095,1,11121,1,ORD,1899-12-31 11:22:00.000,1899-12-31 12:35:30.000,FAC EX,62,Sorrento,1,Napoli Porta Nolana,NAPOLI PORTA NOLANA - SORRENTO,-2031359071
270179,1,10626,1,ORD,1899-12-31 06:26:00.000,1899-12-31 07:37:30.000,DD,1,Napoli Porta Nolana,62,Sorrento,SORRENTO - NAPOLI PORTA NOLANA,2017515765
270180,1,10702,1,ORD,1899-12-31 07:02:00.000,1899-12-31 08:13:30.000,DD,1,Napoli Porta Nolana,62,Sorrento,SORRENTO - NAPOLI PORTA NOLANA,2017515765
270181,1,10738,1,ORD,1899-12-31 07:38:00.000,1899-12-31 08:49:30.000,DD,1,Napoli Porta Nolana,62,Sorrento,SORRENTO - NAPOLI PORTA NOLANA,2017515765
270096,1,11421,1,ORD,1899-12-31 14:22:00.000,1899-12-31 15:35:30.000,FAC EX,62,Sorrento,1,Napoli Porta Nolana,NAPOLI PORTA NOLANA - SORRENTO,-2031359071
270097,1,11721,1,ORD,1899-12-31 17:22:00.000,1899-12-31 18:35:30.000,FAC EX,62,Sorrento,1,Napoli Porta Nolana,NAPOLI PORTA NOLANA - SORRENTO,-922608816
270098,1,10821,1,ORD,1899-12-31 08:22:00.000,1899-12-31 09:35:30.000,FAC EX,62,Sorrento,1,Napoli Porta Nolana,NAPOLI PORTA NOLANA - SORRENTO,-382156356
270099,1,11121,1,ORD,1899-12-31 11:22:00.000,1899-12-31 12:35:30.000,FAC EX,62,Sorrento,1,Napoli Porta Nolana,NAPOLI PORTA NOLANA - SORRENTO,-382156356
270100,1,11421,1,ORD,1899-12-31 14:22:00.000,1899-12-31 15:35:30.000,FAC EX,62,Sorrento,1,Napoli Porta Nolana,NAPOLI PORTA NOLANA - SORRENTO,-382156356
270101,1,11721,1,ORD,1899-12-31 17:22:00.000,1899-12-31 18:35:30.000,FAC EX,62,Sorrento,1,Napoli Porta Nolana,NAPOLI PORTA NOLANA - SORRENTO,-382156356
270103,1,10843,1,ORD,1899-12-31 08:43:00.000,1899-12-31 09:58:00.000,FAC EX,62,Sorrento,1,Napoli Porta Nolana,NAPOLI PORTA NOLANA - SORRENTO,-782435300
270104,1,11131,1,ORD,1899-12-31 11:31:00.000,1899-12-31 12:46:00.000,FAC EX,62,Sorrento,1,Napoli Porta Nolana,NAPOLI PORTA NOLANA - SORRENTO,-2058353783
270105,1,11531,1,ORD,1899-12-31 15:31:00.000,1899-12-31 16:46:00.000,FAC EX,62,Sorrento,1,Napoli Porta Nolana,NAPOLI PORTA NOLANA - SORRENTO,-2058353783
270106,1,11755,1,ORD,1899-12-31 17:55:00.000,1899-12-31 19:10:00.000,FAC EX,62,Sorrento,1,Napoli Porta Nolana,NAPOLI PORTA NOLANA - SORRENTO,-782435300
270107,1,10727,1,STR,1899-12-31 07:28:00.000,1899-12-31 08:41:30.000,DD,62,Sorrento,1,Napoli Porta Nolana,NAPOLI PORTA NOLANA - SORRENTO,-1595139274
270109,1,10647,1,ORD,1899-12-31 06:48:00.000,1899-12-31 07:58:00.000,DD,62,Sorrento,1,Napoli Porta Nolana,NAPOLI PORTA NOLANA - SORRENTO,-2058353783
270110,1,10759,1,ORD,1899-12-31 08:00:00.000,1899-12-31 09:10:00.000,DD,62,Sorrento,1,Napoli Porta Nolana,NAPOLI PORTA NOLANA - SORRENTO,-2058353783
270111,1,11335,1,ORD,1899-12-31 13:36:00.000,1899-12-31 14:46:00.000,DD,62,Sorrento,1,Napoli Porta Nolana,NAPOLI PORTA NOLANA - SORRENTO,-2058353783
270112,1,11511,1,ORD,1899-12-31 15:12:00.000,1899-12-31 16:22:00.000,DD,62,Sorrento,1,Napoli Porta Nolana,NAPOLI PORTA NOLANA - SORRENTO,-2058353783
270113,1,11735,1,ORD,1899-12-31 17:36:00.000,1899-12-31 18:46:00.000,DD,62,Sorrento,1,Napoli Porta Nolana,NAPOLI PORTA NOLANA - SORRENTO,-2058353783
270114,1,10645,1,FES,1899-12-31 06:45:00.000,1899-12-31 07:35:00.000,STR,62,Sorrento,1,Napoli Porta Nolana,NAPOLI PORTA NOLANA - SORRENTO,1416542349
270115,1,10401,1,STR,1899-12-31 04:01:00.000,1899-12-31 05:16:00.000,STR,62,Sorrento,1,Napoli Porta Nolana,NAPOLI PORTA NOLANA - SORRENTO,1115237460
270118,1,10530,1,ORD,1899-12-31 05:30:00.000,1899-12-31 06:40:30.000,DD,1,Napoli Porta Nolana,62,Sorrento,SORRENTO - NAPOLI PORTA NOLANA,2017515765
270119,1,10530,1,ORD,1899-12-31 05:30:00.000,1899-12-31 06:43:00.000,DD,1,Napoli Porta Nolana,62,Sorrento,SORRENTO - NAPOLI PORTA NOLANA,-1831901352
270120,1,10530,1,ORD,1899-12-31 05:30:00.000,1899-12-31 06:43:00.000,DD,1,Napoli Porta Nolana,62,Sorrento,SORRENTO - NAPOLI PORTA NOLANA,-382156356
270121,1,10539,1,ORD,1899-12-31 05:40:00.000,1899-12-31 06:53:00.000,DD,62,Sorrento,1,Napoli Porta Nolana,NAPOLI PORTA NOLANA - SORRENTO,-1831901352
270122,1,10539,1,ORD,1899-12-31 05:40:00.000,1899-12-31 06:53:00.000,DD,62,Sorrento,1,Napoli Porta Nolana,NAPOLI PORTA NOLANA - SORRENTO,-382156356
270123,1,10759,1,FES,1899-12-31 08:00:00.000,1899-12-31 09:10:00.000,DD,62,Sorrento,1,Napoli Porta Nolana,NAPOLI PORTA NOLANA - SORRENTO,1416542349
270124,1,11735,1,FES,1899-12-31 17:36:00.000,1899-12-31 18:46:00.000,DD,62,Sorrento,1,Napoli Porta Nolana,NAPOLI PORTA NOLANA - SORRENTO,1416542349
270125,1,10541,1,ORD,1899-12-31 05:41:00.000,1899-12-31 06:53:00.000,DD,62,Sorrento,1,Napoli Porta Nolana,NAPOLI PORTA NOLANA - SORRENTO,2017515765
270182,1,11714,1,ORD,1899-12-31 17:14:00.000,1899-12-31 18:25:30.000,DD,1,Napoli Porta Nolana,62,Sorrento,SORRENTO - NAPOLI PORTA NOLANA,2017515765
269440,1,11847,1,FES,1899-12-31 18:48:00.000,1899-12-31 19:58:00.000,DD FES,62,Sorrento,1,Napoli Porta Nolana,NAPOLI PORTA NOLANA - SORRENTO,1524855334
269441,1,11847,1,FES,1899-12-31 18:48:00.000,1899-12-31 19:58:00.000,DD FES,62,Sorrento,1,Napoli Porta Nolana,NAPOLI PORTA NOLANA - SORRENTO,1416542349
269442,1,12202,1,ORD,1899-12-31 22:02:00.000,1899-12-31 23:13:00.000,DD,1,Napoli Porta Nolana,62,Sorrento,SORRENTO - NAPOLI PORTA NOLANA,2017515765
269443,1,12202,1,ORD,1899-12-31 22:02:30.000,1899-12-31 23:16:30.000,DD,1,Napoli Porta Nolana,62,Sorrento,SORRENTO - NAPOLI PORTA NOLANA,-1058568744
269444,1,12202,1,ORD,1899-12-31 22:02:30.000,1899-12-31 23:16:30.000,DD,1,Napoli Porta Nolana,62,Sorrento,SORRENTO - NAPOLI PORTA NOLANA,-382156356
269445,1,12211,1,ORD,1899-12-31 22:11:00.000,1899-12-31 23:18:30.000,DD,62,Sorrento,1,Napoli Porta Nolana,NAPOLI PORTA NOLANA - SORRENTO,2017515765
269446,1,12211,1,ORD,1899-12-31 22:11:00.000,1899-12-31 23:20:30.000,DD,62,Sorrento,1,Napoli Porta Nolana,NAPOLI PORTA NOLANA - SORRENTO,-1058568744
269447,1,12211,1,ORD,1899-12-31 22:11:00.000,1899-12-31 23:20:30.000,DD,62,Sorrento,1,Napoli Porta Nolana,NAPOLI PORTA NOLANA - SORRENTO,-382156356
269496,1,11535,1,FES,1899-12-31 15:35:00.000,1899-12-31 16:25:00.000,STR,62,Sorrento,1,Napoli Porta Nolana,NAPOLI PORTA NOLANA - SORRENTO,1416542349
269497,1,11602,1,ORD,1899-12-31 16:02:30.000,1899-12-31 17:19:30.000,DD,1,Napoli Porta Nolana,62,Sorrento,SORRENTO - NAPOLI PORTA NOLANA,2017515765
269498,1,11602,1,ORD,1899-12-31 16:02:30.000,1899-12-31 17:19:30.000,DD,1,Napoli Porta Nolana,62,Sorrento,SORRENTO - NAPOLI PORTA NOLANA,2071110629
269502,1,10917,1,ORD,1899-12-31 09:17:00.000,1899-12-31 10:30:00.000,DD,62,Sorrento,1,Napoli Porta Nolana,NAPOLI PORTA NOLANA - SORRENTO,2017515765
269546,1,10915,1,ORD,1899-12-31 09:16:00.000,1899-12-31 10:29:30.000,DD,62,Sorrento,1,Napoli Porta Nolana,NAPOLI PORTA NOLANA - SORRENTO,-200120116
269547,1,10915,1,STR,1899-12-31 09:16:00.000,1899-12-31 10:29:30.000,DD,62,Sorrento,1,Napoli Porta Nolana,NAPOLI PORTA NOLANA - SORRENTO,-1595139274
269548,1,10915,1,ORD,1899-12-31 09:16:00.000,1899-12-31 10:29:30.000,DD,62,Sorrento,1,Napoli Porta Nolana,NAPOLI PORTA NOLANA - SORRENTO,1902181972
268995,1,1147,1,ORD,1899-12-31 14:42:30.000,1899-12-31 15:58:00.000,D,62,Sorrento,1,Napoli Porta Nolana,NAPOLI PORTA NOLANA - SORRENTO,-2058353783
268996,1,1159,1,ORD,1899-12-31 15:54:30.000,1899-12-31 17:10:00.000,D,62,Sorrento,1,Napoli Porta Nolana,NAPOLI PORTA NOLANA - SORRENTO,-2058353783
268997,1,1163,1,ORD,1899-12-31 16:18:30.000,1899-12-31 17:34:00.000,D,62,Sorrento,1,Napoli Porta Nolana,NAPOLI PORTA NOLANA - SORRENTO,-2058353783
268998,1,1171,1,ORD,1899-12-31 17:06:30.000,1899-12-31 18:22:00.000,D,62,Sorrento,1,Napoli Porta Nolana,NAPOLI PORTA NOLANA - SORRENTO,-2058353783
268999,1,1183,1,ORD,1899-12-31 18:18:30.000,1899-12-31 19:34:00.000,D,62,Sorrento,1,Napoli Porta Nolana,NAPOLI PORTA NOLANA - SORRENTO,-2058353783
269000,1,1191,1,ORD,1899-12-31 19:06:30.000,1899-12-31 20:22:00.000,D,62,Sorrento,1,Napoli Porta Nolana,NAPOLI PORTA NOLANA - SORRENTO,-1426382476
269001,1,1195,1,ORD,1899-12-31 19:30:30.000,1899-12-31 20:46:00.000,D,62,Sorrento,1,Napoli Porta Nolana,NAPOLI PORTA NOLANA - SORRENTO,-2058353783
269002,1,1199,1,ORD,1899-12-31 19:54:30.000,1899-12-31 21:10:00.000,D,62,Sorrento,1,Napoli Porta Nolana,NAPOLI PORTA NOLANA - SORRENTO,-2058353783
269003,1,1203,1,ORD,1899-12-31 20:18:30.000,1899-12-31 21:34:00.000,D,62,Sorrento,1,Napoli Porta Nolana,NAPOLI PORTA NOLANA - SORRENTO,-2058353783
269004,1,1207,1,ORD,1899-12-31 20:42:30.000,1899-12-31 21:58:00.000,D,62,Sorrento,1,Napoli Porta Nolana,NAPOLI PORTA NOLANA - SORRENTO,-2058353783
269005,1,1215,1,ORD,1899-12-31 21:30:30.000,1899-12-31 22:46:00.000,D,62,Sorrento,1,Napoli Porta Nolana,NAPOLI PORTA NOLANA - SORRENTO,-2058353783
268559,1,1082,1,ORD,1899-12-31 08:14:30.000,1899-12-31 09:29:30.000,DD,1,Napoli Porta Nolana,62,Sorrento,SORRENTO - NAPOLI PORTA NOLANA,-922608816
268560,1,1088,1,ORD,1899-12-31 08:50:30.000,1899-12-31 10:05:30.000,DD,1,Napoli Porta Nolana,62,Sorrento,SORRENTO - NAPOLI PORTA NOLANA,-922608816
268561,1,1094,1,ORD,1899-12-31 09:26:30.000,1899-12-31 10:41:30.000,DD,1,Napoli Porta Nolana,62,Sorrento,SORRENTO - NAPOLI PORTA NOLANA,-922608816
268805,1,1112,1,ORD,1899-12-31 11:12:00.000,1899-12-31 12:22:00.000,DD,1,Napoli Porta Nolana,62,Sorrento,SORRENTO - NAPOLI PORTA NOLANA,-2058353783
268806,1,1120,1,ORD,1899-12-31 12:00:00.000,1899-12-31 13:10:00.000,DD,1,Napoli Porta Nolana,62,Sorrento,SORRENTO - NAPOLI PORTA NOLANA,-2058353783
268807,1,1128,1,ORD,1899-12-31 12:48:00.000,1899-12-31 13:58:00.000,DD,1,Napoli Porta Nolana,62,Sorrento,SORRENTO - NAPOLI PORTA NOLANA,-2058353783
268808,1,1140,1,ORD,1899-12-31 14:00:00.000,1899-12-31 15:10:00.000,DD,1,Napoli Porta Nolana,62,Sorrento,SORRENTO - NAPOLI PORTA NOLANA,-2058353783
268809,1,1156,1,ORD,1899-12-31 15:36:00.000,1899-12-31 16:46:00.000,DD,1,Napoli Porta Nolana,62,Sorrento,SORRENTO - NAPOLI PORTA NOLANA,-2058353783
268810,1,1180,1,ORD,1899-12-31 18:00:00.000,1899-12-31 19:10:00.000,DD,1,Napoli Porta Nolana,62,Sorrento,SORRENTO - NAPOLI PORTA NOLANA,-2058353783
268811,1,1192,1,ORD,1899-12-31 19:12:00.000,1899-12-31 20:22:00.000,DD,1,Napoli Porta Nolana,62,Sorrento,SORRENTO - NAPOLI PORTA NOLANA,-2058353783
268812,1,1080,1,FES,1899-12-31 08:00:00.000,1899-12-31 09:10:00.000,DD,1,Napoli Porta Nolana,62,Sorrento,SORRENTO - NAPOLI PORTA NOLANA,1416542349
268813,1,1088,1,FES,1899-12-31 08:48:00.000,1899-12-31 09:58:00.000,DD,1,Napoli Porta Nolana,62,Sorrento,SORRENTO - NAPOLI PORTA NOLANA,1416542349
268814,1,1096,1,FES,1899-12-31 09:36:00.000,1899-12-31 10:46:00.000,DD,1,Napoli Porta Nolana,62,Sorrento,SORRENTO - NAPOLI PORTA NOLANA,1416542349
268815,1,1112,1,FES,1899-12-31 11:12:00.000,1899-12-31 12:22:00.000,DD,1,Napoli Porta Nolana,62,Sorrento,SORRENTO - NAPOLI PORTA NOLANA,1416542349
268816,1,1120,1,FES,1899-12-31 12:00:00.000,1899-12-31 13:10:00.000,DD,1,Napoli Porta Nolana,62,Sorrento,SORRENTO - NAPOLI PORTA NOLANA,1416542349
268817,1,1128,1,FES,1899-12-31 12:48:00.000,1899-12-31 13:58:00.000,DD,1,Napoli Porta Nolana,62,Sorrento,SORRENTO - NAPOLI PORTA NOLANA,1416542349
268818,1,1180,1,FES,1899-12-31 18:00:00.000,1899-12-31 19:10:00.000,DD,1,Napoli Porta Nolana,62,Sorrento,SORRENTO - NAPOLI PORTA NOLANA,1416542349
268819,1,1192,1,FES,1899-12-31 19:12:00.000,1899-12-31 20:22:00.000,DD,1,Napoli Porta Nolana,62,Sorrento,SORRENTO - NAPOLI PORTA NOLANA,1416542349
268820,1,1068,1,FES,1899-12-31 06:48:00.000,1899-12-31 07:58:00.000,DD FES,1,Napoli Porta Nolana,62,Sorrento,SORRENTO - NAPOLI PORTA NOLANA,1524855334
268827,1,10550,1,ORD,1899-12-31 05:50:00.000,1899-12-31 07:01:00.000,DD,1,Napoli Porta Nolana,62,Sorrento,SORRENTO - NAPOLI PORTA NOLANA,2017515765
268828,1,10550,1,ORD,1899-12-31 05:50:30.000,1899-12-31 07:07:30.000,DD,1,Napoli Porta Nolana,62,Sorrento,SORRENTO - NAPOLI PORTA NOLANA,-1831901352
268829,1,10626,1,ORD,1899-12-31 06:26:30.000,1899-12-31 07:43:30.000,DD,1,Napoli Porta Nolana,62,Sorrento,SORRENTO - NAPOLI PORTA NOLANA,-1831901352
268830,1,10702,1,ORD,1899-12-31 07:02:30.000,1899-12-31 08:19:30.000,DD,1,Napoli Porta Nolana,62,Sorrento,SORRENTO - NAPOLI PORTA NOLANA,-1831901352
268831,1,10738,1,ORD,1899-12-31 07:38:30.000,1899-12-31 08:55:30.000,DD,1,Napoli Porta Nolana,62,Sorrento,SORRENTO - NAPOLI PORTA NOLANA,-922608816
268832,1,1160,1,ORD,1899-12-31 16:02:30.000,1899-12-31 17:19:30.000,DD,1,Napoli Porta Nolana,62,Sorrento,SORRENTO - NAPOLI PORTA NOLANA,870247576
268833,1,11714,1,ORD,1899-12-31 17:14:30.000,1899-12-31 18:31:30.000,DD,1,Napoli Porta Nolana,62,Sorrento,SORRENTO - NAPOLI PORTA NOLANA,-922608816
268835,1,10550,1,ORD,1899-12-31 05:50:30.000,1899-12-31 07:05:30.000,DD,1,Napoli Porta Nolana,62,Sorrento,SORRENTO - NAPOLI PORTA NOLANA,-382156356
268836,1,10626,1,ORD,1899-12-31 06:26:30.000,1899-12-31 07:41:30.000,DD,1,Napoli Porta Nolana,62,Sorrento,SORRENTO - NAPOLI PORTA NOLANA,-382156356
268837,1,10702,1,ORD,1899-12-31 07:02:30.000,1899-12-31 08:17:30.000,DD,1,Napoli Porta Nolana,62,Sorrento,SORRENTO - NAPOLI PORTA NOLANA,-382156356
268838,1,10738,1,ORD,1899-12-31 07:38:30.000,1899-12-31 08:53:30.000,DD,1,Napoli Porta Nolana,62,Sorrento,SORRENTO - NAPOLI PORTA NOLANA,-382156356
268839,1,11714,1,ORD,1899-12-31 17:14:30.000,1899-12-31 18:29:30.000,DD,1,Napoli Porta Nolana,62,Sorrento,SORRENTO - NAPOLI PORTA NOLANA,-382156356
268845,1,1083,1,FES,1899-12-31 08:18:30.000,1899-12-31 09:34:00.000,D,62,Sorrento,1,Napoli Porta Nolana,NAPOLI PORTA NOLANA - SORRENTO,1416542349
268846,1,1091,1,FES,1899-12-31 09:06:30.000,1899-12-31 10:22:00.000,D,62,Sorrento,1,Napoli Porta Nolana,NAPOLI PORTA NOLANA - SORRENTO,1416542349
268847,1,1095,1,FES,1899-12-31 09:30:30.000,1899-12-31 10:46:00.000,D,62,Sorrento,1,Napoli Porta Nolana,NAPOLI PORTA NOLANA - SORRENTO,1416542349
268848,1,1099,1,FES,1899-12-31 09:54:30.000,1899-12-31 11:10:00.000,D,62,Sorrento,1,Napoli Porta Nolana,NAPOLI PORTA NOLANA - SORRENTO,1416542349
268849,1,1103,1,FES,1899-12-31 10:18:30.000,1899-12-31 11:34:00.000,D,62,Sorrento,1,Napoli Porta Nolana,NAPOLI PORTA NOLANA - SORRENTO,1416542349
268850,1,1107,1,FES,1899-12-31 10:42:30.000,1899-12-31 11:58:00.000,D,62,Sorrento,1,Napoli Porta Nolana,NAPOLI PORTA NOLANA - SORRENTO,1416542349
268851,1,1111,1,FES,1899-12-31 11:06:30.000,1899-12-31 12:22:00.000,D,62,Sorrento,1,Napoli Porta Nolana,NAPOLI PORTA NOLANA - SORRENTO,1416542349
268852,1,1119,1,FES,1899-12-31 11:54:30.000,1899-12-31 13:10:00.000,D,62,Sorrento,1,Napoli Porta Nolana,NAPOLI PORTA NOLANA - SORRENTO,1416542349
268853,1,1123,1,FES,1899-12-31 12:18:30.000,1899-12-31 13:34:00.000,D,62,Sorrento,1,Napoli Porta Nolana,NAPOLI PORTA NOLANA - SORRENTO,1416542349
268854,1,1127,1,FES,1899-12-31 12:42:30.000,1899-12-31 13:58:00.000,D,62,Sorrento,1,Napoli Porta Nolana,NAPOLI PORTA NOLANA - SORRENTO,1416542349
268855,1,1159,1,FES,1899-12-31 15:54:30.000,1899-12-31 17:10:00.000,D,62,Sorrento,1,Napoli Porta Nolana,NAPOLI PORTA NOLANA - SORRENTO,1416542349
268856,1,1163,1,FES,1899-12-31 16:18:30.000,1899-12-31 17:34:00.000,D,62,Sorrento,1,Napoli Porta Nolana,NAPOLI PORTA NOLANA - SORRENTO,1416542349
268857,1,1171,1,FES,1899-12-31 17:06:30.000,1899-12-31 18:22:00.000,D,62,Sorrento,1,Napoli Porta Nolana,NAPOLI PORTA NOLANA - SORRENTO,1416542349
268858,1,1183,1,FES,1899-12-31 18:18:30.000,1899-12-31 19:34:00.000,D,62,Sorrento,1,Napoli Porta Nolana,NAPOLI PORTA NOLANA - SORRENTO,1416542349
268859,1,1191,1,FES,1899-12-31 19:06:30.000,1899-12-31 20:22:00.000,D,62,Sorrento,1,Napoli Porta Nolana,NAPOLI PORTA NOLANA - SORRENTO,1416542349
268860,1,1195,1,FES,1899-12-31 19:30:30.000,1899-12-31 20:46:00.000,D,62,Sorrento,1,Napoli Porta Nolana,NAPOLI PORTA NOLANA - SORRENTO,1416542349
268861,1,1199,1,FES,1899-12-31 19:54:30.000,1899-12-31 21:10:00.000,D,62,Sorrento,1,Napoli Porta Nolana,NAPOLI PORTA NOLANA - SORRENTO,1416542349
268862,1,1203,1,FES,1899-12-31 20:18:30.000,1899-12-31 21:34:00.000,D,62,Sorrento,1,Napoli Porta Nolana,NAPOLI PORTA NOLANA - SORRENTO,1416542349
268863,1,1207,1,FES,1899-12-31 20:42:30.000,1899-12-31 21:58:00.000,D,62,Sorrento,1,Napoli Porta Nolana,NAPOLI PORTA NOLANA - SORRENTO,1416542349
268864,1,1215,1,FES,1899-12-31 21:30:30.000,1899-12-31 22:46:00.000,D,62,Sorrento,1,Napoli Porta Nolana,NAPOLI PORTA NOLANA - SORRENTO,1416542349
268865,1,1063,1,ORD,1899-12-31 06:17:00.000,1899-12-31 07:29:00.000,DD,62,Sorrento,1,Napoli Porta Nolana,NAPOLI PORTA NOLANA - SORRENTO,2017515765
268866,1,1081,1,ORD,1899-12-31 08:05:00.000,1899-12-31 09:17:00.000,DD,62,Sorrento,1,Napoli Porta Nolana,NAPOLI PORTA NOLANA - SORRENTO,2017515765
268867,1,1087,1,ORD,1899-12-31 08:41:00.000,1899-12-31 09:53:00.000,DD,62,Sorrento,1,Napoli Porta Nolana,NAPOLI PORTA NOLANA - SORRENTO,2017515765
268932,1,1207,1,ORD,1899-12-31 20:42:00.000,1899-12-31 21:53:30.000,DD,62,Sorrento,1,Napoli Porta Nolana,NAPOLI PORTA NOLANA - SORRENTO,-382156356
268933,1,1213,1,ORD,1899-12-31 21:18:00.000,1899-12-31 22:29:30.000,DD,62,Sorrento,1,Napoli Porta Nolana,NAPOLI PORTA NOLANA - SORRENTO,-382156356
268934,1,1219,1,ORD,1899-12-31 21:54:00.000,1899-12-31 23:05:30.000,DD,62,Sorrento,1,Napoli Porta Nolana,NAPOLI PORTA NOLANA - SORRENTO,-382156356
268935,1,1076,1,STR,1899-12-31 07:36:00.000,1899-12-31 08:51:30.000,D,1,Napoli Porta Nolana,62,Sorrento,SORRENTO - NAPOLI PORTA NOLANA,598536586
268936,1,1084,1,FES,1899-12-31 08:24:00.000,1899-12-31 09:39:30.000,D,1,Napoli Porta Nolana,62,Sorrento,SORRENTO - NAPOLI PORTA NOLANA,1416542349
268937,1,1092,1,FES,1899-12-31 09:12:00.000,1899-12-31 10:27:30.000,D,1,Napoli Porta Nolana,62,Sorrento,SORRENTO - NAPOLI PORTA NOLANA,1416542349
268938,1,1100,1,FES,1899-12-31 10:00:00.000,1899-12-31 11:15:30.000,D,1,Napoli Porta Nolana,62,Sorrento,SORRENTO - NAPOLI PORTA NOLANA,1416542349
268939,1,1108,1,FES,1899-12-31 10:48:00.000,1899-12-31 12:03:30.000,D,1,Napoli Porta Nolana,62,Sorrento,SORRENTO - NAPOLI PORTA NOLANA,1416542349
268940,1,1116,1,FES,1899-12-31 11:36:00.000,1899-12-31 12:51:30.000,D,1,Napoli Porta Nolana,62,Sorrento,SORRENTO - NAPOLI PORTA NOLANA,1416542349
268941,1,1124,1,FES,1899-12-31 12:24:00.000,1899-12-31 13:39:30.000,D,1,Napoli Porta Nolana,62,Sorrento,SORRENTO - NAPOLI PORTA NOLANA,1416542349
268942,1,1168,1,FES,1899-12-31 16:48:00.000,1899-12-31 18:03:30.000,D,1,Napoli Porta Nolana,62,Sorrento,SORRENTO - NAPOLI PORTA NOLANA,1416542349
268943,1,1176,1,FES,1899-12-31 17:36:00.000,1899-12-31 18:51:30.000,D,1,Napoli Porta Nolana,62,Sorrento,SORRENTO - NAPOLI PORTA NOLANA,1416542349
268944,1,1184,1,FES,1899-12-31 18:24:00.000,1899-12-31 19:39:30.000,D,1,Napoli Porta Nolana,62,Sorrento,SORRENTO - NAPOLI PORTA NOLANA,1416542349
268945,1,1200,1,FES,1899-12-31 20:00:00.000,1899-12-31 21:15:30.000,D,1,Napoli Porta Nolana,62,Sorrento,SORRENTO - NAPOLI PORTA NOLANA,1416542349
268946,1,1204,1,FES,1899-12-31 20:24:00.000,1899-12-31 21:39:30.000,D,1,Napoli Porta Nolana,62,Sorrento,SORRENTO - NAPOLI PORTA NOLANA,1416542349
268947,1,1208,1,FES,1899-12-31 20:48:00.000,1899-12-31 22:03:30.000,D,1,Napoli Porta Nolana,62,Sorrento,SORRENTO - NAPOLI PORTA NOLANA,1416542349
268948,1,1212,1,FES,1899-12-31 21:12:00.000,1899-12-31 22:27:30.000,D,1,Napoli Porta Nolana,62,Sorrento,SORRENTO - NAPOLI PORTA NOLANA,1416542349
268949,1,1216,1,FES,1899-12-31 21:36:00.000,1899-12-31 22:51:30.000,D,1,Napoli Porta Nolana,62,Sorrento,SORRENTO - NAPOLI PORTA NOLANA,1416542349
268950,1,1060,1,ORD,1899-12-31 06:00:00.000,1899-12-31 07:15:30.000,D,1,Napoli Porta Nolana,62,Sorrento,SORRENTO - NAPOLI PORTA NOLANA,-2058353783
268951,1,1064,1,ORD,1899-12-31 06:24:00.000,1899-12-31 07:39:30.000,D,1,Napoli Porta Nolana,62,Sorrento,SORRENTO - NAPOLI PORTA NOLANA,-2058353783
268952,1,1072,1,ORD,1899-12-31 07:12:00.000,1899-12-31 08:27:30.000,D,1,Napoli Porta Nolana,62,Sorrento,SORRENTO - NAPOLI PORTA NOLANA,-2058353783
268953,1,1084,1,ORD,1899-12-31 08:24:00.000,1899-12-31 09:39:30.000,D,1,Napoli Porta Nolana,62,Sorrento,SORRENTO - NAPOLI PORTA NOLANA,-1426382476
268954,1,1092,1,ORD,1899-12-31 09:12:00.000,1899-12-31 10:27:30.000,D,1,Napoli Porta Nolana,62,Sorrento,SORRENTO - NAPOLI PORTA NOLANA,-2058353783
268955,1,1100,1,ORD,1899-12-31 10:00:00.000,1899-12-31 11:15:30.000,D,1,Napoli Porta Nolana,62,Sorrento,SORRENTO - NAPOLI PORTA NOLANA,-2058353783
268956,1,1108,1,ORD,1899-12-31 10:48:00.000,1899-12-31 12:03:30.000,D,1,Napoli Porta Nolana,62,Sorrento,SORRENTO - NAPOLI PORTA NOLANA,-2058353783
268957,1,1116,1,ORD,1899-12-31 11:36:00.000,1899-12-31 12:51:30.000,D,1,Napoli Porta Nolana,62,Sorrento,SORRENTO - NAPOLI PORTA NOLANA,-1426382476
268958,1,1124,1,ORD,1899-12-31 12:24:00.000,1899-12-31 13:39:30.000,D,1,Napoli Porta Nolana,62,Sorrento,SORRENTO - NAPOLI PORTA NOLANA,-2058353783
268959,1,1136,1,ORD,1899-12-31 13:36:00.000,1899-12-31 14:51:30.000,D,1,Napoli Porta Nolana,62,Sorrento,SORRENTO - NAPOLI PORTA NOLANA,-2058353783
268960,1,1144,1,ORD,1899-12-31 14:24:00.000,1899-12-31 15:39:30.000,D,1,Napoli Porta Nolana,62,Sorrento,SORRENTO - NAPOLI PORTA NOLANA,-1426382476
268961,1,1148,1,ORD,1899-12-31 14:48:00.000,1899-12-31 16:03:30.000,D,1,Napoli Porta Nolana,62,Sorrento,SORRENTO - NAPOLI PORTA NOLANA,-2058353783
268962,1,1152,1,ORD,1899-12-31 15:12:00.000,1899-12-31 16:27:30.000,D,1,Napoli Porta Nolana,62,Sorrento,SORRENTO - NAPOLI PORTA NOLANA,-2058353783
268963,1,1160,1,ORD,1899-12-31 16:00:00.000,1899-12-31 17:15:30.000,D,1,Napoli Porta Nolana,62,Sorrento,SORRENTO - NAPOLI PORTA NOLANA,-2058353783
268964,1,1164,1,ORD,1899-12-31 16:24:00.000,1899-12-31 17:39:30.000,D,1,Napoli Porta Nolana,62,Sorrento,SORRENTO - NAPOLI PORTA NOLANA,-1426382476
268965,1,1168,1,ORD,1899-12-31 16:48:00.000,1899-12-31 18:03:30.000,D,1,Napoli Porta Nolana,62,Sorrento,SORRENTO - NAPOLI PORTA NOLANA,-2058353783
268966,1,1176,1,ORD,1899-12-31 17:36:00.000,1899-12-31 18:51:30.000,D,1,Napoli Porta Nolana,62,Sorrento,SORRENTO - NAPOLI PORTA NOLANA,-2058353783
268967,1,1184,1,ORD,1899-12-31 18:24:00.000,1899-12-31 19:39:30.000,D,1,Napoli Porta Nolana,62,Sorrento,SORRENTO - NAPOLI PORTA NOLANA,-2058353783
268968,1,1200,1,ORD,1899-12-31 20:00:00.000,1899-12-31 21:15:30.000,D,1,Napoli Porta Nolana,62,Sorrento,SORRENTO - NAPOLI PORTA NOLANA,-2058353783
268969,1,1204,1,ORD,1899-12-31 20:24:00.000,1899-12-31 21:39:30.000,D,1,Napoli Porta Nolana,62,Sorrento,SORRENTO - NAPOLI PORTA NOLANA,-2058353783
268970,1,1208,1,ORD,1899-12-31 20:48:00.000,1899-12-31 22:03:30.000,D,1,Napoli Porta Nolana,62,Sorrento,SORRENTO - NAPOLI PORTA NOLANA,-2058353783
268971,1,1212,1,ORD,1899-12-31 21:12:00.000,1899-12-31 22:27:30.000,D,1,Napoli Porta Nolana,62,Sorrento,SORRENTO - NAPOLI PORTA NOLANA,-1426382476
268972,1,1216,1,ORD,1899-12-31 21:36:00.000,1899-12-31 22:51:30.000,D,1,Napoli Porta Nolana,62,Sorrento,SORRENTO - NAPOLI PORTA NOLANA,-2058353783
268978,1,1059,1,ORD,1899-12-31 05:54:30.000,1899-12-31 07:10:00.000,D,62,Sorrento,1,Napoli Porta Nolana,NAPOLI PORTA NOLANA - SORRENTO,-2058353783
268979,1,1063,1,ORD,1899-12-31 06:18:30.000,1899-12-31 07:34:00.000,D,62,Sorrento,1,Napoli Porta Nolana,NAPOLI PORTA NOLANA - SORRENTO,-1426382476
268980,1,1071,1,ORD,1899-12-31 07:06:30.000,1899-12-31 08:22:00.000,D,62,Sorrento,1,Napoli Porta Nolana,NAPOLI PORTA NOLANA - SORRENTO,-2058353783
268981,1,1075,1,ORD,1899-12-31 07:30:30.000,1899-12-31 08:46:00.000,D,62,Sorrento,1,Napoli Porta Nolana,NAPOLI PORTA NOLANA - SORRENTO,-2058353783
268982,1,1083,1,ORD,1899-12-31 08:18:30.000,1899-12-31 09:34:00.000,D,62,Sorrento,1,Napoli Porta Nolana,NAPOLI PORTA NOLANA - SORRENTO,-2058353783
268983,1,1091,1,ORD,1899-12-31 09:06:30.000,1899-12-31 10:22:00.000,D,62,Sorrento,1,Napoli Porta Nolana,NAPOLI PORTA NOLANA - SORRENTO,-2058353783
268984,1,1095,1,ORD,1899-12-31 09:30:30.000,1899-12-31 10:46:00.000,D,62,Sorrento,1,Napoli Porta Nolana,NAPOLI PORTA NOLANA - SORRENTO,-1426382476
268985,1,1099,1,ORD,1899-12-31 09:54:30.000,1899-12-31 11:10:00.000,D,62,Sorrento,1,Napoli Porta Nolana,NAPOLI PORTA NOLANA - SORRENTO,-2058353783
268986,1,1103,1,ORD,1899-12-31 10:18:30.000,1899-12-31 11:34:00.000,D,62,Sorrento,1,Napoli Porta Nolana,NAPOLI PORTA NOLANA - SORRENTO,-2058353783
268987,1,1107,1,ORD,1899-12-31 10:42:30.000,1899-12-31 11:58:00.000,D,62,Sorrento,1,Napoli Porta Nolana,NAPOLI PORTA NOLANA - SORRENTO,-2058353783
268988,1,1111,1,ORD,1899-12-31 11:06:30.000,1899-12-31 12:22:00.000,D,62,Sorrento,1,Napoli Porta Nolana,NAPOLI PORTA NOLANA - SORRENTO,-2058353783
268989,1,1119,1,ORD,1899-12-31 11:54:30.000,1899-12-31 13:10:00.000,D,62,Sorrento,1,Napoli Porta Nolana,NAPOLI PORTA NOLANA - SORRENTO,-2058353783
268990,1,1123,1,ORD,1899-12-31 12:18:30.000,1899-12-31 13:34:00.000,D,62,Sorrento,1,Napoli Porta Nolana,NAPOLI PORTA NOLANA - SORRENTO,-1426382476
268991,1,1127,1,ORD,1899-12-31 12:42:30.000,1899-12-31 13:58:00.000,D,62,Sorrento,1,Napoli Porta Nolana,NAPOLI PORTA NOLANA - SORRENTO,-2058353783
268992,1,1131,1,ORD,1899-12-31 13:06:30.000,1899-12-31 14:22:00.000,D,62,Sorrento,1,Napoli Porta Nolana,NAPOLI PORTA NOLANA - SORRENTO,-2058353783
268993,1,1139,1,ORD,1899-12-31 13:54:30.000,1899-12-31 15:10:00.000,D,62,Sorrento,1,Napoli Porta Nolana,NAPOLI PORTA NOLANA - SORRENTO,-2058353783
268994,1,1143,1,ORD,1899-12-31 14:18:30.000,1899-12-31 15:34:00.000,D,62,Sorrento,1,Napoli Porta Nolana,NAPOLI PORTA NOLANA - SORRENTO,-1426382476
268562,1,1100,1,ORD,1899-12-31 10:02:30.000,1899-12-31 11:17:30.000,DD,1,Napoli Porta Nolana,62,Sorrento,SORRENTO - NAPOLI PORTA NOLANA,-922608816
268563,1,1106,1,ORD,1899-12-31 10:38:30.000,1899-12-31 11:53:30.000,DD,1,Napoli Porta Nolana,62,Sorrento,SORRENTO - NAPOLI PORTA NOLANA,-922608816
268564,1,1112,1,ORD,1899-12-31 11:14:30.000,1899-12-31 12:29:30.000,DD,1,Napoli Porta Nolana,62,Sorrento,SORRENTO - NAPOLI PORTA NOLANA,-922608816
268565,1,1118,1,ORD,1899-12-31 11:50:30.000,1899-12-31 13:05:30.000,DD,1,Napoli Porta Nolana,62,Sorrento,SORRENTO - NAPOLI PORTA NOLANA,-922608816
268566,1,1124,1,ORD,1899-12-31 12:26:30.000,1899-12-31 13:41:30.000,DD,1,Napoli Porta Nolana,62,Sorrento,SORRENTO - NAPOLI PORTA NOLANA,-922608816
268567,1,1130,1,ORD,1899-12-31 13:02:30.000,1899-12-31 14:17:30.000,DD,1,Napoli Porta Nolana,62,Sorrento,SORRENTO - NAPOLI PORTA NOLANA,-2031359071
268568,1,1136,1,ORD,1899-12-31 13:38:30.000,1899-12-31 14:53:30.000,DD,1,Napoli Porta Nolana,62,Sorrento,SORRENTO - NAPOLI PORTA NOLANA,-2031359071
268569,1,1142,1,ORD,1899-12-31 14:14:30.000,1899-12-31 15:29:30.000,DD,1,Napoli Porta Nolana,62,Sorrento,SORRENTO - NAPOLI PORTA NOLANA,-2031359071
268570,1,1148,1,ORD,1899-12-31 14:50:30.000,1899-12-31 16:05:30.000,DD,1,Napoli Porta Nolana,62,Sorrento,SORRENTO - NAPOLI PORTA NOLANA,-2031359071
268571,1,1154,1,ORD,1899-12-31 15:26:30.000,1899-12-31 16:41:30.000,DD,1,Napoli Porta Nolana,62,Sorrento,SORRENTO - NAPOLI PORTA NOLANA,-2031359071
268572,1,1166,1,ORD,1899-12-31 16:38:30.000,1899-12-31 17:53:30.000,DD,1,Napoli Porta Nolana,62,Sorrento,SORRENTO - NAPOLI PORTA NOLANA,-922608816
268573,1,1178,1,ORD,1899-12-31 17:50:30.000,1899-12-31 19:05:30.000,DD,1,Napoli Porta Nolana,62,Sorrento,SORRENTO - NAPOLI PORTA NOLANA,-922608816
268574,1,1184,1,ORD,1899-12-31 18:26:30.000,1899-12-31 19:41:30.000,DD,1,Napoli Porta Nolana,62,Sorrento,SORRENTO - NAPOLI PORTA NOLANA,-922608816
268575,1,1190,1,ORD,1899-12-31 19:02:30.000,1899-12-31 20:17:30.000,DD,1,Napoli Porta Nolana,62,Sorrento,SORRENTO - NAPOLI PORTA NOLANA,-922608816
268576,1,1196,1,ORD,1899-12-31 19:38:30.000,1899-12-31 20:53:30.000,DD,1,Napoli Porta Nolana,62,Sorrento,SORRENTO - NAPOLI PORTA NOLANA,-1058568744
268577,1,1202,1,ORD,1899-12-31 20:14:30.000,1899-12-31 21:29:30.000,DD,1,Napoli Porta Nolana,62,Sorrento,SORRENTO - NAPOLI PORTA NOLANA,-1058568744
268578,1,1208,1,ORD,1899-12-31 20:50:30.000,1899-12-31 22:05:30.000,DD,1,Napoli Porta Nolana,62,Sorrento,SORRENTO - NAPOLI PORTA NOLANA,-1058568744
268579,1,1214,1,ORD,1899-12-31 21:26:30.000,1899-12-31 22:41:30.000,DD,1,Napoli Porta Nolana,62,Sorrento,SORRENTO - NAPOLI PORTA NOLANA,-1058568744
268580,1,1082,1,ORD,1899-12-31 08:14:30.000,1899-12-31 09:27:30.000,DD,1,Napoli Porta Nolana,62,Sorrento,SORRENTO - NAPOLI PORTA NOLANA,-382156356
268581,1,1088,1,ORD,1899-12-31 08:50:30.000,1899-12-31 10:03:30.000,DD,1,Napoli Porta Nolana,62,Sorrento,SORRENTO - NAPOLI PORTA NOLANA,-382156356
268582,1,1094,1,ORD,1899-12-31 09:26:30.000,1899-12-31 10:39:30.000,DD,1,Napoli Porta Nolana,62,Sorrento,SORRENTO - NAPOLI PORTA NOLANA,-382156356
268583,1,1100,1,ORD,1899-12-31 10:02:30.000,1899-12-31 11:15:30.000,DD,1,Napoli Porta Nolana,62,Sorrento,SORRENTO - NAPOLI PORTA NOLANA,-382156356
268584,1,1106,1,ORD,1899-12-31 10:38:30.000,1899-12-31 11:51:30.000,DD,1,Napoli Porta Nolana,62,Sorrento,SORRENTO - NAPOLI PORTA NOLANA,-382156356
268585,1,1112,1,ORD,1899-12-31 11:14:30.000,1899-12-31 12:27:30.000,DD,1,Napoli Porta Nolana,62,Sorrento,SORRENTO - NAPOLI PORTA NOLANA,-382156356
268586,1,1118,1,ORD,1899-12-31 11:50:30.000,1899-12-31 13:03:30.000,DD,1,Napoli Porta Nolana,62,Sorrento,SORRENTO - NAPOLI PORTA NOLANA,-382156356
268587,1,1124,1,ORD,1899-12-31 12:26:30.000,1899-12-31 13:39:30.000,DD,1,Napoli Porta Nolana,62,Sorrento,SORRENTO - NAPOLI PORTA NOLANA,-382156356
268588,1,1130,1,ORD,1899-12-31 13:02:30.000,1899-12-31 14:15:30.000,DD,1,Napoli Porta Nolana,62,Sorrento,SORRENTO - NAPOLI PORTA NOLANA,-382156356
268589,1,1136,1,ORD,1899-12-31 13:38:30.000,1899-12-31 14:51:30.000,DD,1,Napoli Porta Nolana,62,Sorrento,SORRENTO - NAPOLI PORTA NOLANA,-382156356
268590,1,1142,1,ORD,1899-12-31 14:14:30.000,1899-12-31 15:27:30.000,DD,1,Napoli Porta Nolana,62,Sorrento,SORRENTO - NAPOLI PORTA NOLANA,-382156356
268591,1,1148,1,ORD,1899-12-31 14:50:30.000,1899-12-31 16:03:30.000,DD,1,Napoli Porta Nolana,62,Sorrento,SORRENTO - NAPOLI PORTA NOLANA,-382156356
268592,1,1154,1,ORD,1899-12-31 15:26:30.000,1899-12-31 16:39:30.000,DD,1,Napoli Porta Nolana,62,Sorrento,SORRENTO - NAPOLI PORTA NOLANA,-382156356
268593,1,1160,1,ORD,1899-12-31 16:02:30.000,1899-12-31 17:15:30.000,DD,1,Napoli Porta Nolana,62,Sorrento,SORRENTO - NAPOLI PORTA NOLANA,-382156356
268594,1,1166,1,ORD,1899-12-31 16:38:30.000,1899-12-31 17:51:30.000,DD,1,Napoli Porta Nolana,62,Sorrento,SORRENTO - NAPOLI PORTA NOLANA,-382156356
268595,1,1178,1,ORD,1899-12-31 17:50:30.000,1899-12-31 19:03:30.000,DD,1,Napoli Porta Nolana,62,Sorrento,SORRENTO - NAPOLI PORTA NOLANA,-382156356
268596,1,1184,1,ORD,1899-12-31 18:26:30.000,1899-12-31 19:39:30.000,DD,1,Napoli Porta Nolana,62,Sorrento,SORRENTO - NAPOLI PORTA NOLANA,-382156356
268597,1,1190,1,ORD,1899-12-31 19:02:30.000,1899-12-31 20:15:30.000,DD,1,Napoli Porta Nolana,62,Sorrento,SORRENTO - NAPOLI PORTA NOLANA,-382156356
268598,1,1196,1,ORD,1899-12-31 19:38:30.000,1899-12-31 20:51:30.000,DD,1,Napoli Porta Nolana,62,Sorrento,SORRENTO - NAPOLI PORTA NOLANA,-382156356
268599,1,1202,1,ORD,1899-12-31 20:14:30.000,1899-12-31 21:27:30.000,DD,1,Napoli Porta Nolana,62,Sorrento,SORRENTO - NAPOLI PORTA NOLANA,-382156356
268600,1,1208,1,ORD,1899-12-31 20:50:30.000,1899-12-31 22:03:30.000,DD,1,Napoli Porta Nolana,62,Sorrento,SORRENTO - NAPOLI PORTA NOLANA,-382156356
268601,1,1214,1,ORD,1899-12-31 21:26:30.000,1899-12-31 22:39:30.000,DD,1,Napoli Porta Nolana,62,Sorrento,SORRENTO - NAPOLI PORTA NOLANA,-382156356
268781,1,1082,1,ORD,1899-12-31 08:14:00.000,1899-12-31 09:26:00.000,DD,1,Napoli Porta Nolana,62,Sorrento,SORRENTO - NAPOLI PORTA NOLANA,2017515765
268782,1,1088,1,ORD,1899-12-31 08:50:00.000,1899-12-31 10:02:00.000,DD,1,Napoli Porta Nolana,62,Sorrento,SORRENTO - NAPOLI PORTA NOLANA,2017515765
268783,1,1094,1,ORD,1899-12-31 09:26:00.000,1899-12-31 10:38:00.000,DD,1,Napoli Porta Nolana,62,Sorrento,SORRENTO - NAPOLI PORTA NOLANA,2017515765
268784,1,1100,1,ORD,1899-12-31 10:02:00.000,1899-12-31 11:14:00.000,DD,1,Napoli Porta Nolana,62,Sorrento,SORRENTO - NAPOLI PORTA NOLANA,2017515765
268785,1,1106,1,ORD,1899-12-31 10:38:00.000,1899-12-31 11:50:00.000,DD,1,Napoli Porta Nolana,62,Sorrento,SORRENTO - NAPOLI PORTA NOLANA,2017515765
268786,1,1112,1,ORD,1899-12-31 11:14:00.000,1899-12-31 12:26:00.000,DD,1,Napoli Porta Nolana,62,Sorrento,SORRENTO - NAPOLI PORTA NOLANA,2017515765
268787,1,1118,1,ORD,1899-12-31 11:50:00.000,1899-12-31 13:02:00.000,DD,1,Napoli Porta Nolana,62,Sorrento,SORRENTO - NAPOLI PORTA NOLANA,2017515765
268788,1,1124,1,ORD,1899-12-31 12:26:00.000,1899-12-31 13:38:00.000,DD,1,Napoli Porta Nolana,62,Sorrento,SORRENTO - NAPOLI PORTA NOLANA,2017515765
268789,1,1130,1,ORD,1899-12-31 13:02:00.000,1899-12-31 14:14:00.000,DD,1,Napoli Porta Nolana,62,Sorrento,SORRENTO - NAPOLI PORTA NOLANA,2017515765
268790,1,1136,1,ORD,1899-12-31 13:38:00.000,1899-12-31 14:50:00.000,DD,1,Napoli Porta Nolana,62,Sorrento,SORRENTO - NAPOLI PORTA NOLANA,2017515765
268791,1,1142,1,ORD,1899-12-31 14:14:00.000,1899-12-31 15:26:00.000,DD,1,Napoli Porta Nolana,62,Sorrento,SORRENTO - NAPOLI PORTA NOLANA,2017515765
268792,1,1148,1,ORD,1899-12-31 14:50:00.000,1899-12-31 16:02:00.000,DD,1,Napoli Porta Nolana,62,Sorrento,SORRENTO - NAPOLI PORTA NOLANA,2017515765
268793,1,1154,1,ORD,1899-12-31 15:26:00.000,1899-12-31 16:38:00.000,DD,1,Napoli Porta Nolana,62,Sorrento,SORRENTO - NAPOLI PORTA NOLANA,2017515765
268794,1,1166,1,ORD,1899-12-31 16:38:00.000,1899-12-31 17:50:00.000,DD,1,Napoli Porta Nolana,62,Sorrento,SORRENTO - NAPOLI PORTA NOLANA,2017515765
268795,1,1178,1,ORD,1899-12-31 17:50:00.000,1899-12-31 19:02:00.000,DD,1,Napoli Porta Nolana,62,Sorrento,SORRENTO - NAPOLI PORTA NOLANA,2017515765
268796,1,1184,1,ORD,1899-12-31 18:26:00.000,1899-12-31 19:38:00.000,DD,1,Napoli Porta Nolana,62,Sorrento,SORRENTO - NAPOLI PORTA NOLANA,2017515765
268797,1,1190,1,ORD,1899-12-31 19:02:00.000,1899-12-31 20:14:00.000,DD,1,Napoli Porta Nolana,62,Sorrento,SORRENTO - NAPOLI PORTA NOLANA,2017515765
268798,1,1196,1,ORD,1899-12-31 19:38:00.000,1899-12-31 20:50:00.000,DD,1,Napoli Porta Nolana,62,Sorrento,SORRENTO - NAPOLI PORTA NOLANA,2017515765
268799,1,1202,1,ORD,1899-12-31 20:14:00.000,1899-12-31 21:26:00.000,DD,1,Napoli Porta Nolana,62,Sorrento,SORRENTO - NAPOLI PORTA NOLANA,2017515765
268800,1,1208,1,ORD,1899-12-31 20:50:00.000,1899-12-31 22:02:00.000,DD,1,Napoli Porta Nolana,62,Sorrento,SORRENTO - NAPOLI PORTA NOLANA,2017515765
268801,1,1214,1,ORD,1899-12-31 21:26:00.000,1899-12-31 22:38:00.000,DD,1,Napoli Porta Nolana,62,Sorrento,SORRENTO - NAPOLI PORTA NOLANA,2017515765
268802,1,1080,1,ORD,1899-12-31 08:00:00.000,1899-12-31 09:10:00.000,DD,1,Napoli Porta Nolana,62,Sorrento,SORRENTO - NAPOLI PORTA NOLANA,-2058353783
268803,1,1088,1,ORD,1899-12-31 08:48:00.000,1899-12-31 09:58:00.000,DD,1,Napoli Porta Nolana,62,Sorrento,SORRENTO - NAPOLI PORTA NOLANA,-2058353783
268804,1,1096,1,ORD,1899-12-31 09:36:00.000,1899-12-31 10:46:00.000,DD,1,Napoli Porta Nolana,62,Sorrento,SORRENTO - NAPOLI PORTA NOLANA,-2058353783
268868,1,1099,1,ORD,1899-12-31 09:53:00.000,1899-12-31 11:05:00.000,DD,62,Sorrento,1,Napoli Porta Nolana,NAPOLI PORTA NOLANA - SORRENTO,2017515765
268869,1,1105,1,ORD,1899-12-31 10:29:00.000,1899-12-31 11:41:00.000,DD,62,Sorrento,1,Napoli Porta Nolana,NAPOLI PORTA NOLANA - SORRENTO,2017515765
268870,1,1111,1,ORD,1899-12-31 11:05:00.000,1899-12-31 12:17:00.000,DD,62,Sorrento,1,Napoli Porta Nolana,NAPOLI PORTA NOLANA - SORRENTO,2017515765
268871,1,1117,1,ORD,1899-12-31 11:41:00.000,1899-12-31 12:53:00.000,DD,62,Sorrento,1,Napoli Porta Nolana,NAPOLI PORTA NOLANA - SORRENTO,2017515765
268872,1,1123,1,ORD,1899-12-31 12:17:00.000,1899-12-31 13:29:00.000,DD,62,Sorrento,1,Napoli Porta Nolana,NAPOLI PORTA NOLANA - SORRENTO,2017515765
268873,1,1129,1,ORD,1899-12-31 12:53:00.000,1899-12-31 14:05:00.000,DD,62,Sorrento,1,Napoli Porta Nolana,NAPOLI PORTA NOLANA - SORRENTO,2017515765
268874,1,1135,1,ORD,1899-12-31 13:29:00.000,1899-12-31 14:41:00.000,DD,62,Sorrento,1,Napoli Porta Nolana,NAPOLI PORTA NOLANA - SORRENTO,2017515765
268875,1,1141,1,ORD,1899-12-31 14:05:00.000,1899-12-31 15:17:00.000,DD,62,Sorrento,1,Napoli Porta Nolana,NAPOLI PORTA NOLANA - SORRENTO,2017515765
268876,1,1147,1,ORD,1899-12-31 14:41:00.000,1899-12-31 15:53:00.000,DD,62,Sorrento,1,Napoli Porta Nolana,NAPOLI PORTA NOLANA - SORRENTO,2017515765
268877,1,1153,1,ORD,1899-12-31 15:17:00.000,1899-12-31 16:29:00.000,DD,62,Sorrento,1,Napoli Porta Nolana,NAPOLI PORTA NOLANA - SORRENTO,2017515765
268878,1,1159,1,ORD,1899-12-31 15:53:00.000,1899-12-31 17:05:00.000,DD,62,Sorrento,1,Napoli Porta Nolana,NAPOLI PORTA NOLANA - SORRENTO,2017515765
268879,1,1165,1,ORD,1899-12-31 16:29:00.000,1899-12-31 17:41:00.000,DD,62,Sorrento,1,Napoli Porta Nolana,NAPOLI PORTA NOLANA - SORRENTO,2017515765
268880,1,1171,1,ORD,1899-12-31 17:05:00.000,1899-12-31 18:17:00.000,DD,62,Sorrento,1,Napoli Porta Nolana,NAPOLI PORTA NOLANA - SORRENTO,2017515765
268881,1,1183,1,ORD,1899-12-31 18:17:00.000,1899-12-31 19:29:00.000,DD,62,Sorrento,1,Napoli Porta Nolana,NAPOLI PORTA NOLANA - SORRENTO,2017515765
268882,1,1189,1,ORD,1899-12-31 18:53:00.000,1899-12-31 20:05:00.000,DD,62,Sorrento,1,Napoli Porta Nolana,NAPOLI PORTA NOLANA - SORRENTO,2017515765
268883,1,1195,1,ORD,1899-12-31 19:29:00.000,1899-12-31 20:41:00.000,DD,62,Sorrento,1,Napoli Porta Nolana,NAPOLI PORTA NOLANA - SORRENTO,2017515765
268884,1,1201,1,ORD,1899-12-31 20:05:00.000,1899-12-31 21:17:00.000,DD,62,Sorrento,1,Napoli Porta Nolana,NAPOLI PORTA NOLANA - SORRENTO,2017515765
268885,1,1207,1,ORD,1899-12-31 20:41:00.000,1899-12-31 21:53:00.000,DD,62,Sorrento,1,Napoli Porta Nolana,NAPOLI PORTA NOLANA - SORRENTO,2017515765
268886,1,1213,1,ORD,1899-12-31 21:17:00.000,1899-12-31 22:29:00.000,DD,62,Sorrento,1,Napoli Porta Nolana,NAPOLI PORTA NOLANA - SORRENTO,2017515765
268887,1,1219,1,ORD,1899-12-31 21:53:00.000,1899-12-31 23:05:00.000,DD,62,Sorrento,1,Napoli Porta Nolana,NAPOLI PORTA NOLANA - SORRENTO,2017515765
268888,1,1063,1,ORD,1899-12-31 06:16:00.000,1899-12-31 07:29:30.000,DD,62,Sorrento,1,Napoli Porta Nolana,NAPOLI PORTA NOLANA - SORRENTO,-1831901352
268889,1,1081,1,ORD,1899-12-31 08:04:00.000,1899-12-31 09:17:30.000,DD,62,Sorrento,1,Napoli Porta Nolana,NAPOLI PORTA NOLANA - SORRENTO,-922608816
268890,1,1087,1,ORD,1899-12-31 08:40:00.000,1899-12-31 09:53:30.000,DD,62,Sorrento,1,Napoli Porta Nolana,NAPOLI PORTA NOLANA - SORRENTO,-922608816
268891,1,1099,1,ORD,1899-12-31 09:52:00.000,1899-12-31 11:05:30.000,DD,62,Sorrento,1,Napoli Porta Nolana,NAPOLI PORTA NOLANA - SORRENTO,-922608816
268892,1,1105,1,ORD,1899-12-31 10:28:00.000,1899-12-31 11:41:30.000,DD,62,Sorrento,1,Napoli Porta Nolana,NAPOLI PORTA NOLANA - SORRENTO,-922608816
268893,1,1111,1,ORD,1899-12-31 11:04:00.000,1899-12-31 12:17:30.000,DD,62,Sorrento,1,Napoli Porta Nolana,NAPOLI PORTA NOLANA - SORRENTO,-922608816
268894,1,1117,1,ORD,1899-12-31 11:40:00.000,1899-12-31 12:53:30.000,DD,62,Sorrento,1,Napoli Porta Nolana,NAPOLI PORTA NOLANA - SORRENTO,-922608816
268895,1,1123,1,ORD,1899-12-31 12:16:00.000,1899-12-31 13:29:30.000,DD,62,Sorrento,1,Napoli Porta Nolana,NAPOLI PORTA NOLANA - SORRENTO,-922608816
268896,1,1129,1,ORD,1899-12-31 12:52:00.000,1899-12-31 14:05:30.000,DD,62,Sorrento,1,Napoli Porta Nolana,NAPOLI PORTA NOLANA - SORRENTO,-2031359071
268897,1,1135,1,ORD,1899-12-31 13:28:00.000,1899-12-31 14:41:30.000,DD,62,Sorrento,1,Napoli Porta Nolana,NAPOLI PORTA NOLANA - SORRENTO,-2031359071
268898,1,1141,1,ORD,1899-12-31 14:04:00.000,1899-12-31 15:17:30.000,DD,62,Sorrento,1,Napoli Porta Nolana,NAPOLI PORTA NOLANA - SORRENTO,-2031359071
268899,1,1147,1,ORD,1899-12-31 14:40:00.000,1899-12-31 15:53:30.000,DD,62,Sorrento,1,Napoli Porta Nolana,NAPOLI PORTA NOLANA - SORRENTO,-2031359071
